<?xml version="1.0" encoding="utf-8"?>
<modification>
  <name>Admin Login Lite V.2.3</name>
  <code>admin_login_lite_2302</code>
  <version>V.1 - 2.3.0.2</version>
  <author>Reitier</author>
  <link>https://www.soluciones-opencart.com</link>
  <file path="admin/view/template/common/login.tpl">
    <operation>
      <search>
        <![CDATA[<?php echo $header; ?>]]>
      </search>
      <add position="replace">
        <![CDATA[<!DOCTYPE html>
          <html dir="<?php echo $direction; ?>" lang="<?php echo $lang; ?>">
          <head>
          <meta charset="UTF-8" />
          <title><?php echo $title; ?></title>
          <meta name="viewport" content="width=device-width, initial-scale=1.0, user-scalable=no, minimum-scale=1.0, maximum-scale=1.0" />
          <link href="view/javascript/font-awesome/css/font-awesome.min.css" type="text/css" rel="stylesheet" />
          <script type="text/javascript" src="view/javascript/jquery/jquery-2.1.1.min.js"></script>
          <script type="text/javascript" src="view/javascript/bootstrap/js/bootstrap.min.js"></script>
          <link href="view/stylesheet/bootstrap.css" type="text/css" rel="stylesheet" />
          <script src="view/javascript/common.js" type="text/javascript"></script>
          <style>
            /* Admin-Login by Reitier https://www.soluciones-opencart.com */
html, body {height: 100%;padding: 0;color: #dddddd !Important;text-rendering: optimizeLegibility;background: #222226;background: -moz-linear-gradient(top, #222226 0%, #f7c7c5 100%);background: -webkit-linear-gradient(top, #222226 0%,#f7c7c5 100%);background: linear-gradient(to bottom, #222226 0%,#f7c7c5 100%);filter: progid:DXImageTransform.Microsoft.gradient( startColorstr='#222226', endColorstr='#f7c7c5',GradientType=0 );}#container {min-height: 100%;width: 100%;position: relative;}#header {min-height: 0px;background: #000000;margin: 0;padding: 0;}#content {padding-bottom:30px;transition: all 0.3s;}.container-fluid {padding-left: 20px;padding-right: 20px;margin-right: auto;margin-left: auto;}#footer {height: 100px;text-align: center;}.row {padding-top: 100px !Important;}.panel {background: transparent !Important;}.panel-body {background: #191111 !Important;color: #666666 !Important;border-radius: 15px;}.panel-default {border: 1px solid #191111 !Important;border-top: 0px !Important;border-radius: 15px !Important;border-left: 0px !Important;border-right: 0px !Important;}.panel .panel-heading {visibility: hidden;}.panel-title {visibility: hidden;}.btn-primary {color: #fff;background-color: #f56b6b !Important;border-color: #000000 !Important;}.btn-primary:active:hover, .btn-primary.active:hover, .open > .btn-primary.dropdown-toggle:hover, .btn-primary:active:focus, .btn-primary.active:focus, .open > .btn-primary.dropdown-toggle:focus, .btn-primary:active.focus, .btn-primary.active.focus, .open > .btn-primary.dropdown-toggle.focus {color: #fff !Important;background-color: #b54848 !Important;border-color: #000000 !Important;}a:link {color: #f56b6b !Important;}a:hover, a:focus, a:visited {color: #b54848 !Important;}.alert-danger {background-color: #191111 !Important;border-color: #191111 !Important;color: #f56b6b !Important;}
          </style>
          </head>
          <body>
          <div id="container">
          <header id="header" class="navbar navbar-static-top">
          <div class="navbar-header">
          <!--
          <a href="<?php echo $home; ?>" class="navbar-brand"><img src="view/image/logo.png" alt="<?php echo $heading_title; ?>" title="<?php echo $heading_title; ?>" /></a>
          -->
          </div>
          </header>]]>
      </add>
    </operation>
    <operation>
      <search>
        <![CDATA[<?php echo $footer; ?>]]>
      </search>
      <add position="replace">
        <![CDATA[<footer id="footer"><?php echo $text_footer; ?></footer></div>
          </body></html>]]>
      </add>
    </operation>
  </file>
  <file path="admin/view/template/common/forgotten.tpl">
    <operation>
      <search>
        <![CDATA[<?php echo $header; ?>]]>
      </search>
      <add position="replace">
        <![CDATA[<!DOCTYPE html>
          <html dir="<?php echo $direction; ?>" lang="<?php echo $lang; ?>">
          <head>
          <meta charset="UTF-8" />
          <title><?php echo $title; ?></title>
          <meta name="viewport" content="width=device-width, initial-scale=1.0, user-scalable=no, minimum-scale=1.0, maximum-scale=1.0" />
          <link href="view/javascript/font-awesome/css/font-awesome.min.css" type="text/css" rel="stylesheet" />
          <script type="text/javascript" src="view/javascript/jquery/jquery-2.1.1.min.js"></script>
          <script type="text/javascript" src="view/javascript/bootstrap/js/bootstrap.min.js"></script>
          <link href="view/stylesheet/bootstrap.css" type="text/css" rel="stylesheet" />
          <script src="view/javascript/common.js" type="text/javascript"></script>
          <style>
            /* Admin-Login by Reitier https://www.soluciones-opencart.com */
html, body {height: 100%;padding: 0;color: #dddddd !Important;text-rendering: optimizeLegibility;background: #222226;background: -moz-linear-gradient(top, #222226 0%, #f7c7c5 100%);background: -webkit-linear-gradient(top, #222226 0%,#f7c7c5 100%);background: linear-gradient(to bottom, #222226 0%,#f7c7c5 100%);filter: progid:DXImageTransform.Microsoft.gradient( startColorstr='#222226', endColorstr='#f7c7c5',GradientType=0 );}#container {min-height: 100%;width: 100%;position: relative;}#header {min-height: 0px;background: #000000;margin: 0;padding: 0;}#content {padding-bottom:30px;transition: all 0.3s;}.container-fluid {padding-left: 20px;padding-right: 20px;margin-right: auto;margin-left: auto;}#footer {height: 100px;text-align: center;}.row {padding-top: 100px !Important;}.panel {background: transparent !Important;}.panel-body {background: #191111 !Important;color: #666666 !Important;border-radius: 15px;}.panel-default {border: 1px solid #191111 !Important;border-top: 0px !Important;border-radius: 15px !Important;border-left: 0px !Important;border-right: 0px !Important;}.panel .panel-heading {visibility: hidden;}.panel-title {visibility: hidden;}.btn-primary {color: #fff;background-color: #f56b6b !Important;border-color: #000000 !Important;}.btn-primary:active:hover, .btn-primary.active:hover, .open > .btn-primary.dropdown-toggle:hover, .btn-primary:active:focus, .btn-primary.active:focus, .open > .btn-primary.dropdown-toggle:focus, .btn-primary:active.focus, .btn-primary.active.focus, .open > .btn-primary.dropdown-toggle.focus {color: #fff !Important;background-color: #b54848 !Important;border-color: #000000 !Important;}a:link {color: #f56b6b !Important;}a:hover, a:focus, a:visited {color: #b54848 !Important;}.alert-danger {background-color: #191111 !Important;border-color: #191111 !Important;color: #f56b6b !Important;}
          </style>
          </head>
          <body>
          <div id="container">
          <header id="header" class="navbar navbar-static-top">
          <div class="navbar-header">
          <!--
          <a href="<?php echo $home; ?>" class="navbar-brand"><img src="view/image/logo.png" alt="<?php echo $heading_title; ?>" title="<?php echo $heading_title; ?>" /></a>
          -->
          </div>
          </header>]]>
      </add>
    </operation>
    <operation>
      <search>
        <![CDATA[<?php echo $footer; ?>]]>
      </search>
      <add position="replace">
        <![CDATA[<footer id="footer"><?php echo $text_footer; ?></footer></div>
          </body></html>]]>
      </add>
    </operation>
  </file>
  <file path="admin/controller/common/login.php">
    <operation>
      <search>
        <![CDATA[$data['heading_title'] = $this->language->get('heading_title');]]>
      </search>
      <add position="after">
        <![CDATA[if ($this->request->server['HTTPS']) {
          $data['base'] = HTTPS_SERVER;
          } else {
          $data['base'] = HTTP_SERVER;
          }
          $data['text_footer'] = $this->language->get('text_footer');
          $data['direction'] = $this->language->get('direction');
          $data['lang'] = $this->language->get('code');
          $data['title'] = $this->document->getTitle();
          
          $this->load->language('common/header');
          
          if (!isset($this->request->get['token']) || !isset($this->session->data['token']) || ($this->request->get['token'] != $this->session->data['token'])) {
          $data['logged'] = '';
          
          $data['home'] = $this->url->link('common/dashboard', '', true);
          } else {
          $data['logged'] = true;
          
          $data['home'] = $this->url->link('common/dashboard', 'token=' . $this->session->data['token'], true);
          $data['logout'] = $this->url->link('common/logout', 'token=' . $this->session->data['token'], true);
          }]]>
      </add>
    </operation>
  </file>
  <file path="admin/controller/common/forgotten.php">
    <operation>
      <search>
        <![CDATA[$data['heading_title'] = $this->language->get('heading_title');]]>
      </search>
      <add position="after">
        <![CDATA[if ($this->request->server['HTTPS']) {
          $data['base'] = HTTPS_SERVER;
          } else {
          $data['base'] = HTTP_SERVER;
          }
          $data['text_footer'] = $this->language->get('text_footer');
          $data['direction'] = $this->language->get('direction');
          $data['lang'] = $this->language->get('code');
          $data['title'] = $this->document->getTitle();
          
          $this->load->language('common/header');
          
          if (!isset($this->request->get['token']) || !isset($this->session->data['token']) || ($this->request->get['token'] != $this->session->data['token'])) {
          $data['logged'] = '';
          
          $data['home'] = $this->url->link('common/dashboard', '', true);
          } else {
          $data['logged'] = true;
          
          $data['home'] = $this->url->link('common/dashboard', 'token=' . $this->session->data['token'], true);
          $data['logout'] = $this->url->link('common/logout', 'token=' . $this->session->data['token'], true);
          }]]>
      </add>
    </operation>
  </file>
  <file path="admin/language/es/common/login.php">
    <operation>
      <search>
        <![CDATA[// Text]]>
      </search>
      <add position="after">
        <![CDATA[$_['text_footer']     = 'Zona Administración © ' . date('Y') . ' Todos los derechos reservados';
          $_['entry_email']     = 'E-Mail:';
          $_['entry_confirm']   = 'Confirmar:';
          $_['text_success']    = 'Un correo con un enlace de confirmaci&oacute;n ha sido enviado a su direcci&oacute;n de correo electr&oacute;nico se&ntilde;alado en el admin.';]]>
      </add>
    </operation>
  </file>
  <file path="admin/language/*/common/login.php">
    <operation>
      <search>
        <![CDATA[// Text]]>
      </search>
      <add position="after">
        <![CDATA[$_['text_footer']     = 'Administration Zone © ' . date('Y') . ' All Rights Reserved.';
          $_['entry_email']     = 'E-Mail:';
          $_['entry_confirm']   = 'Confirm';
          $_['text_success']    = 'An email with a confirmation link has been sent your admin email address.';]]>
      </add>
    </operation>
  </file>
  <file path="admin/language/es/common/forgotten.php">
    <operation>
      <search>
        <![CDATA[// Text]]>
      </search>
      <add position="after">
        <![CDATA[$_['text_footer']     = 'Zona Administración © ' . date('Y') . ' Todos los derechos reservados';]]>
      </add>
    </operation>
  </file>
  <file path="admin/language/*/common/forgotten.php">
    <operation>
      <search>
        <![CDATA[// Text]]>
      </search>
      <add position="after">
        <![CDATA[$_['text_footer']     = 'Administration Zone © ' . date('Y') . ' All Rights Reserved';]]>
      </add>
    </operation>
  </file>
</modification>