<?xml version="1.0" encoding="utf-8"?>
<modification>
	<name>Default-X Theme</name>
	<version>1.0</version>
	<code>default_x_theme</code>
	<author>Nikita Tokarev</author>
	<link>https://t.me/majorbratishka</link>

	<!-- Contact page -->

    <file path="catalog/controller/information/contact.php">
		<operation>
			<search ><![CDATA[$data['header'] = $this->load->controller('common/header');]]></search>
			<add position="after"><![CDATA[
				$data['geocode'] = $this->config->get('config_geocode');
				$data['mail'] = $this->config->get('config_email');
			]]></add>
		</operation>
	</file>

	<file path="catalog/language/ru-ru/common/header.php">
		<operation>
			<search ><![CDATA[// Text]]></search>
			<add position="after"><![CDATA[
				$_['text_email']             = 'Электронная почта';
			]]></add>
		</operation>
	</file>

	<file path="catalog/language/en-gb/common/header.php">
		<operation>
			<search ><![CDATA[// Text]]></search>
			<add position="after"><![CDATA[
				$_['text_email']             = 'Email';
			]]></add>
		</operation>
	</file>

	<!-- Swiper in product -->

    <file path="catalog/controller/product/product.php">
		<operation>
			<search ><![CDATA[$this->load->model('catalog/category');]]></search>
			<add position="after"><![CDATA[
				$this->document->addStyle('catalog/view/javascript/jquery/swiper/css/swiper.css');
				$this->document->addScript('catalog/view/javascript/jquery/swiper/js/swiper.jquery.min.js');
			]]></add>
		</operation>
	</file>

	<!-- Category page -->

    <file path="catalog/controller/product/category.php">
		<operation>
			<search ><![CDATA[$data['thumb'] = $this->model_tool_image->resize($category_info['image'], $this->config->get('theme_' . $this->config->get('config_theme') . '_image_category_width'), $this->config->get('theme_' . $this->config->get('config_theme') . '_image_category_height'));]]></search>
			<add position="replace"><![CDATA[
				$data['thumb'] = 'image/' . $category_info['image'];
			]]></add>
		</operation>
		<operation>
			<search ><![CDATA[if ($category_info['image']) {]]></search>
			<add position="before"><![CDATA[
				$data['thumb_min_height'] = ($this->config->get('theme_' . $this->config->get('config_theme') . '_image_category_height')) / 10;
			]]></add>
		</operation>
	</file>

    <!-- Map home -->

    <file path="catalog/controller/common/home.php">
		<operation>
			<search ><![CDATA[$this->document->setKeywords($this->config->get('config_meta_keyword'));]]></search>
			<add position="after"><![CDATA[
				$data['map_home'] = $this->load->controller('extension/module/map_home');
			]]></add>
		</operation>
	</file>

	<file path="catalog/language/en-gb/common/header.php">
		<operation>
			<search ><![CDATA[// Text]]></search>
			<add position="after"><![CDATA[
				$_['text_titlemap']          = 'Our coordinates';
			]]></add>
		</operation>
	</file>

    <file path="catalog/language/ru-ru/common/header.php">
		<operation>
			<search ><![CDATA[// Text]]></search>
			<add position="after"><![CDATA[
				$_['text_titlemap']          = 'Наши координаты';
			]]></add>
		</operation>
	</file>

    <!-- Slideshow home full screen -->

    <file path="admin/model/design/banner.php">
		<operation>
			<search ><![CDATA[$this->db->query("INSERT INTO " . DB_PREFIX . "banner_image SET banner_id = '" . (int)$banner_id . "', language_id = '" . (int)$language_id . "', title = '" .  $this->db->escape($banner_image['title']) . "', link = '" .  $this->db->escape($banner_image['link']) . "', image = '" .  $this->db->escape($banner_image['image']) . "', sort_order = '" .  (int)$banner_image['sort_order'] . "'");]]></search>
			<add position="replace"><![CDATA[
				$this->db->query("INSERT INTO " . DB_PREFIX . "banner_image SET banner_id = '" . (int)$banner_id . "', language_id = '" . (int)$language_id . "', title = '" .  $this->db->escape($banner_image['title']) . "', link = '" .  $this->db->escape($banner_image['link']) . "', image = '" .  $this->db->escape($banner_image['image']) . "', sort_order = '" .  (int)$banner_image['sort_order'] . "', position = '" . (int)$banner_image['position'] . "', text_button = '" .  $this->db->escape($banner_image['text_button']) . "', description = '" .  $this->db->escape($banner_image['description']) . "'");
			]]></add>
		</operation>
		<operation>
			<search ><![CDATA[$this->db->query("INSERT INTO " . DB_PREFIX . "banner_image SET banner_id = '" . (int)$banner_id . "', language_id = '" . (int)$language_id . "', title = '" .  $this->db->escape($banner_image['title']) . "', link = '" .  $this->db->escape($banner_image['link']) . "', image = '" .  $this->db->escape($banner_image['image']) . "', sort_order = '" . (int)$banner_image['sort_order'] . "'");]]></search>
			<add position="replace"><![CDATA[
				$this->db->query("INSERT INTO " . DB_PREFIX . "banner_image SET banner_id = '" . (int)$banner_id . "', language_id = '" . (int)$language_id . "', title = '" .  $this->db->escape($banner_image['title']) . "', link = '" .  $this->db->escape($banner_image['link']) . "', image = '" .  $this->db->escape($banner_image['image']) . "', sort_order = '" . (int)$banner_image['sort_order'] . "', position = '" . (int)$banner_image['position'] . "', text_button = '" .  $this->db->escape($banner_image['text_button']) . "', description = '" .  $this->db->escape($banner_image['description']) . "'");
			]]></add>
		</operation>
		<operation>
			<search ><![CDATA['sort_order' => $banner_image['sort_order']]]></search>
			<add position="replace"><![CDATA[
				'sort_order' => $banner_image['sort_order'],
				'position'   => $banner_image['position'],
				'text_button' => $banner_image['text_button'],
				'description' => $banner_image['description']
			]]></add>
		</operation>
	</file>

    <file path="admin/controller/design/banner.php">
		<operation>
			<search ><![CDATA[$data['banner_images'] = array();]]></search>
			<add position="before"><![CDATA[
				$data['banner_id'] = $this->request->get['banner_id'];
				$data['banner_home_slideshow'] = $this->config->get('theme_default_x_slideshow_home_banner_id');
			]]></add>
		</operation>
		<operation>
			<search ><![CDATA['link'       => $banner_image['link'],]]></search>
			<add position="after"><![CDATA[
				'description' => $banner_image['description'],
				'text_button' => $banner_image['text_button'],
				'position'    => $banner_image['position'],
			]]></add>
		</operation>
	</file>

    <file path="admin/view/template/design/banner_form.twig">
		<operation>
			<search ><![CDATA[html += '  <td class="text-left"><button type="button" onclick="$(\'#image-row' + image_row  + ', .tooltip\').remove();" data-toggle="tooltip" title="{{ button_remove }}" class="btn btn-danger"><i class="fa fa-minus-circle"></i></button></td>';]]></search>
			<add position="after" offset="1"><![CDATA[
				{% if banner_id == banner_home_slideshow %}
				html += '<tr id="info-title-row' + image_row + '">>';
				html += '  <td class="text-left" colspan="2"><strong>{{ entry_description }}</strong></td>';
				html += '  <td class="text-center"><strong>{{ entry_text_button }}</strong></td>';
				html += '  <td class="text-left" colspan="2"><strong>{{ entry_position }}</strong></td>';
				html += '</tr>';
				html += '<tr id="info-row' + image_row + '">';
				html += '  <td class="text-left" colspan="2"><textarea name="banner_image[' + language_id + '][' + image_row + '][description]" placeholder="{{ entry_description }}" rows="5" class="form-control">{{ banner_image.description }}</textarea></td>';	
					html += '  <td class="text-left"><input type="text" name="banner_image[' + language_id + '][' + image_row + '][text_button]" value="{{ banner_image.text_button }}" placeholder="{{ entry_text_button }}" class="form-control" /></td>';	
				html += '  <td class="text-right" colspan="2">';
				html += '    <select name="banner_image[' + language_id + '][' + image_row + '][position]" class="form-control">';
				html += '      <option value="0">{{ text_left }}</option>';
				html += '      <option value="1">{{ text_right }}</option>';
				html += '      <option value="2">{{ text_center }}</option>';
				html += '    </select>';
				html += '  </td>';
				html += '</tr>';
				{% endif %}
			]]></add>
		</operation>
		<operation>
			<search ><![CDATA[html += '  <td class="text-left"><button type="button" onclick="$(\'#image-row' + image_row  + ', .tooltip\').remove();" data-toggle="tooltip" title="{{ button_remove }}" class="btn btn-danger"><i class="fa fa-minus-circle"></i></button></td>';]]></search>
			<add position="replace"><![CDATA[
				{% if banner_id == banner_home_slideshow %}
				html += '  <td class="text-left"><button type="button" onclick="$(\'#image-row' + image_row  + ', #info-title-row' + image_row  + ', #info-row' + image_row  + ', .tooltip\').remove();" data-toggle="tooltip" title="{{ button_remove }}" class="btn btn-danger"><i class="fa fa-minus-circle"></i></button></td>';
				{% else %}
				html += '  <td class="text-left"><button type="button" onclick="$(\'#image-row' + image_row  + ', .tooltip\').remove();" data-toggle="tooltip" title="{{ button_remove }}" class="btn btn-danger"><i class="fa fa-minus-circle"></i></button></td>';
				{% endif %}
			]]></add>
		</operation>
		<operation>
			<search ><![CDATA[<td class="text-left"><button type="button" onclick="$('#image-row{{ image_row }}, .tooltip').remove();" data-toggle="tooltip" title="{{ button_remove }}" class="btn btn-danger"><i class="fa fa-minus-circle"></i></button></td>]]></search>
			<add position="after" offset="1"><![CDATA[
				{% if banner_id == banner_home_slideshow %}
				<tr id="info-title-row{{ image_row }}">
                    <td class="text-left" colspan="2"><strong>{{ entry_description }}</strong></td>
                    <td class="text-center"><strong>{{ entry_text_button }}</strong></td>
                    <td class="text-left" colspan="2"><strong>{{ entry_position }}</strong></td>
				</tr>
				<tr id="info-row{{ image_row }}">
                    <td class="text-left" colspan="2">
                      <textarea name="banner_image[{{ language.language_id }}][{{ image_row }}][description]" placeholder="{{ entry_description }}" rows="5" class="form-control">{{ banner_image.description }}</textarea>
                    </td>
                    <td class="text-left"><input type="text" name="banner_image[{{ language.language_id }}][{{ image_row }}][text_button]" value="{{ banner_image.text_button }}" placeholder="{{ entry_text_button }}" class="form-control" /></td>
                    <td class="text-right" colspan="2">
                      <select name="banner_image[{{ language.language_id }}][{{ image_row }}][position]" class="form-control">
                        {% if banner_image.position == 0 %}
                        <option value="{{ banner_image.position }}" selected="selected" hidden>{{ text_left }}</option>
                        {% elseif banner_image.position == 1 %}
                        <option value="{{ banner_image.position }}" selected="selected" hidden>{{ text_right }}</option>
                        {% elseif banner_image.position == 2 %}
                        <option value="{{ banner_image.position }}" selected="selected" hidden>{{ text_center }}</option>
                        {% endif %}
                        <option value="0">{{ text_left }}</option>
                        <option value="1">{{ text_right }}</option>
                        <option value="2">{{ text_center }}</option>
                      </select>
                    </td>
				</tr>
				{% else %}
				<tr style="display:none">
					<td>
						<textarea name="banner_image[{{ language.language_id }}][{{ image_row }}][description]" placeholder="{{ entry_description }}"
							rows="5" class="form-control">{{ banner_image.description }}</textarea>
						<input type="text" name="banner_image[{{ language.language_id }}][{{ image_row }}][text_button]" value="{{ banner_image.text_button }}"
							placeholder="{{ entry_text_button }}" class="form-control" />
						<select name="banner_image[{{ language.language_id }}][{{ image_row }}][position]" class="form-control">
							{% if banner_image.position == 0 %}
							<option value="{{ banner_image.position }}" selected="selected" hidden>{{ text_left }}</option>
							{% elseif banner_image.position == 1 %}
							<option value="{{ banner_image.position }}" selected="selected" hidden>{{ text_right }}</option>
							{% elseif banner_image.position == 2 %}
							<option value="{{ banner_image.position }}" selected="selected" hidden>{{ text_center }}</option>
							{% endif %}
							<option value="0">{{ text_left }}</option>
							<option value="1">{{ text_right }}</option>
							<option value="2">{{ text_center }}</option>
						</select>
					</td>
				</tr>
				{% endif %}
			]]></add>
		</operation>
		<operation>
			<search ><![CDATA[<td class="text-left"><button type="button" onclick="$('#image-row{{ image_row }}, .tooltip').remove();" data-toggle="tooltip" title="{{ button_remove }}" class="btn btn-danger"><i class="fa fa-minus-circle"></i></button></td>]]></search>
			<add position="replace"><![CDATA[
				{% if banner_id == banner_home_slideshow %}
				<td class="text-left"><button type="button" onclick="$('#image-row{{ image_row }}, #info-title-row{{ image_row }}, #info-row{{ image_row }}, .tooltip').remove();" data-toggle="tooltip" title="{{ button_remove }}" class="btn btn-danger"><i class="fa fa-minus-circle"></i></button></td>
				{% else %}
				<td class="text-left"><button type="button" onclick="$('#image-row{{ image_row }}, .tooltip').remove();" data-toggle="tooltip" title="{{ button_remove }}" class="btn btn-danger"><i class="fa fa-minus-circle"></i></button></td>
				{% endif %}
			]]></add>
		</operation>
	</file>

    <file path="admin/language/ru-ru/design/banner.php">
		<operation>
			<search ><![CDATA[// Heading]]></search>
			<add position="before"><![CDATA[
				// Default-X
				$_['entry_description'] = 'Описание';
				$_['entry_text_button'] = 'Текст кнопки';
				$_['entry_position']    = 'Позиция блока';
				$_['text_left']         = 'Слева';
				$_['text_right']        = 'Справа';
				$_['text_center']       = 'По центру';
			]]></add>
		</operation>
	</file>

    <file path="admin/language/en-gb/design/banner.php">
		<operation>
			<search ><![CDATA[// Heading]]></search>
			<add position="before"><![CDATA[
				// Default-X
				$_['entry_description'] = 'Description';
				$_['entry_text_button'] = 'Button Text';
				$_['entry_position']    = 'Block Position';
				$_['text_left']         = 'Left';
				$_['text_right']        = 'Right';
				$_['text_center']       = 'Center';
			]]></add>
		</operation>
	</file>

    <file path="catalog/controller/common/home.php">
		<operation>
			<search ><![CDATA[$this->document->setKeywords($this->config->get('config_meta_keyword'));]]></search>
			<add position="after"><![CDATA[
                if ($this->config->get('theme_default_x_slideshow_home_status') == 1) {
                    $this->document->addStyle('catalog/view/javascript/jquery/swiper/css/swiper.min.css');
                    $this->document->addScript('catalog/view/javascript/jquery/swiper/js/swiper.jquery.js');
                    $data['slideshow_home'] = $this->load->controller('extension/module/slideshow_home');
                } else {
                	$data['slideshow_home'] = '';
                }
			]]></add>
		</operation>
	</file>

    <!-- Social links in footer -->

    <file path="admin/view/template/setting/setting.twig">
		<operation>
			<search ><![CDATA[<input type="text" name="config_fax" value="{{ config_fax }}" placeholder="{{ entry_fax }}" id="input-fax" class="form-control" />]]></search>
			<add position="after"><![CDATA[
					</div>
				</div>

				<div class="form-group">
					<label class="col-sm-2 control-label" for="input-instagram">{{ entry_instagram }}</label>
					<div class="col-sm-10">
						<input type="text" name="config_instagram" value="{{ config_instagram }}" placeholder="{{ entry_instagram }}" id="input-instagram" class="form-control" />
					</div>
				</div>
				
				<div class="form-group">
					<label class="col-sm-2 control-label" for="input-vk">{{ entry_vk }}</label>
					<div class="col-sm-10">
						<input type="text" name="config_vk" value="{{ config_vk }}" placeholder="{{ entry_vk }}" id="input-vk" class="form-control" />
					</div>
				</div>

				<div class="form-group">
					<label class="col-sm-2 control-label" for="input-twitter">{{ entry_twitter }}</label>
					<div class="col-sm-10">
						<input type="text" name="config_twitter" value="{{ config_twitter }}" placeholder="{{ entry_twitter }}" id="input-twitter" class="form-control" />
					</div>
				</div>

				<div class="form-group">
					<label class="col-sm-2 control-label" for="input-facebook">{{ entry_facebook }}</label>
					<div class="col-sm-10">
						<input type="text" name="config_facebook" value="{{ config_facebook }}" placeholder="{{ entry_facebook }}" id="input-facebook" class="form-control" />
			]]></add>
		</operation>
	</file>

	<file path="admin/controller/setting/setting.php">
		<operation>
			<search ><![CDATA[if (isset($this->request->post['config_image'])) {]]></search>
			<add position="before"><![CDATA[
				if (isset($this->request->post['config_fax'])) {
					$data['config_instagram'] = $this->request->post['config_instagram'];
				} else {
					$data['config_instagram'] = $this->config->get('config_instagram');
				}

				if (isset($this->request->post['config_vk'])) {
					$data['config_vk'] = $this->request->post['config_vk'];
				} else {
					$data['config_vk'] = $this->config->get('config_vk');
				}

				if (isset($this->request->post['config_twitter'])) {
					$data['config_twitter'] = $this->request->post['config_twitter'];
				} else {
					$data['config_twitter'] = $this->config->get('config_twitter');
				}

				if (isset($this->request->post['config_facebook'])) {
					$data['config_facebook'] = $this->request->post['config_facebook'];
				} else {
					$data['config_facebook'] = $this->config->get('config_facebook');
				}
			]]></add>
		</operation>
	</file>

	<file path="admin/language/en-gb/setting/setting.php">
		<operation>
			<search ><![CDATA[$_['entry_fax']                      = 'Fax';]]></search>
			<add position="after"><![CDATA[
				$_['entry_instagram']                      = 'Instagram';
				$_['entry_vk']                             = 'VK';
				$_['entry_twitter']                        = 'Twitter';
				$_['entry_facebook']                       = 'Facebook';
			]]></add>
		</operation>
	</file>

	<file path="admin/language/ru-ru/setting/setting.php">
		<operation>
			<search ><![CDATA[$_['entry_fax']                      = 'Fax';]]></search>
			<add position="after"><![CDATA[
				$_['entry_instagram']                      = 'Instagram';
				$_['entry_vk']                             = 'VK';
				$_['entry_twitter']                        = 'Twitter';
				$_['entry_facebook']                       = 'Facebook';
			]]></add>
		</operation>
	</file>

	<file path="catalog/controller/common/footer.php">
		<operation>
			<search ><![CDATA[$data['contact'] = $this->url->link('information/contact');]]></search>
			<add position="before"><![CDATA[
				$data['instagram'] = $this->config->get('config_instagram');
				$data['vk'] = $this->config->get('config_vk');
				$data['twitter'] = $this->config->get('config_twitter');
				$data['facebook'] = $this->config->get('config_facebook');
			]]></add>
		</operation>
	</file>

	<!-- Language adds in cart -->

	<file path="catalog/language/en-gb/common/cart.php">
        <operation>
            <search><![CDATA[// Text]]></search>
            <add position="after"><![CDATA[$_['text_cart_menu'] = 'Cart';]]></add>
        </operation>
    </file>

	<file path="catalog/language/ru-ru/common/cart.php">
        <operation>
            <search><![CDATA[// Text]]></search>
            <add position="after"><![CDATA[$_['text_cart_menu'] = 'Корзина';]]></add>
        </operation>
    </file>

	<!-- Language adds in header -->

	<file path="catalog/language/en-gb/common/header.php">
        <operation>
            <search><![CDATA[// Text]]></search>
            <add position="after"><![CDATA[$_['text_menu'] = 'Menu';
            $_['text_contact_menu'] = 'Contacts';]]></add>
        </operation>
    </file>

	<file path="catalog/language/ru-ru/common/header.php">
        <operation>
            <search><![CDATA[// Text]]></search>
            <add position="after"><![CDATA[$_['text_menu'] = 'Меню';
            $_['text_contact_menu'] = 'Контакты';]]></add>
        </operation>
    </file>

	<!-- Feedback Module -->

    <file path="admin/controller/setting/setting.php">
        <operation>
            <search><![CDATA[$data['captcha_pages'] = array();]]></search>
            <add position="after"><![CDATA[
				$data['captcha_pages'][] = array(
			    'text'  => $this->language->get('text_feedback'),
			    'value' => 'feedback'
		        );
            ]]></add>
        </operation>
    </file>

    <file path="admin/language/en-gb/setting/setting.php">
        <operation>
            <search><![CDATA[
				$_['heading_title']
            ]]></search>
            <add position="after" trim="false" offset="1"><![CDATA[
				$_['text_feedback']              = 'Block with feedback';
            ]]></add>
        </operation>
    </file>

    <file path="admin/language/ru-ru/setting/setting.php">
        <operation>
            <search><![CDATA[
                $_['heading_title']
            ]]></search>
            <add position="after" trim="false" offset="1"><![CDATA[
                $_['text_feedback']              = 'Блок с обратной связью';
            ]]></add>
        </operation>
    </file>

    <file path="catalog/controller/common/header.php">
        <operation>
            <search><![CDATA[
                $data['menu'] = $this->load->controller('common/menu');
            ]]></search>
            <add position="after"><![CDATA[
                $this->load->language('extension/module/feedback');

                $data['callback_active'] = $this->config->get('module_feedback_header');
                
                if ($this->customer->isLogged()) {
                    $data['name_callback'] = $this->customer->getFirstName() . '&nbsp;' . $this->customer->getLastName();
                } else {
                    $data['name_callback'] = '';
                }

                if ($this->customer->isLogged()) {
                    $data['phone_callback'] = $this->customer->getTelephone();
                } else {
                    $data['phone_callback'] = '';
                }
            ]]></add>
        </operation>
        <operation>
            <search><![CDATA[
                return $this->load->view('common/header', $data);
            ]]></search>
            <add position="after" offset="1"><![CDATA[
                public function write() {
                    $this->load->language('extension/module/feedback');

                    if ($this->request->server['REQUEST_METHOD'] == 'POST') {
                        $data['error_name'] =  $this->language->get('error_name');
                        $data['error_phone'] =  $this->language->get('error_phone');
                        $data['text_success'] = $this->language->get('text_success');
                        
                        if ((utf8_strlen($this->request->post['name']) < 3) || (utf8_strlen($this->request->post['name']) > 25)) {
                            $json['error'] = $data['error_name'];
                        }

                        if ((utf8_strlen($this->request->post['phone']) < 3) || (utf8_strlen($this->request->post['phone']) > 25)) {
                            $json['error'] = $data['error_phone'];
                        }
                        
                        if (!isset($json['error'])) {
                            $json['success'] = $data['text_success'];
                            
                            $mail = new Mail($this->config->get('config_mail_engine'));
                            $mail->parameter = $this->config->get('config_mail_parameter');
                            $mail->smtp_hostname = $this->config->get('config_mail_smtp_hostname');
                            $mail->smtp_username = $this->config->get('config_mail_smtp_username');
                            $mail->smtp_password = html_entity_decode($this->config->get('config_mail_smtp_password'), ENT_QUOTES, 'UTF-8');
                            $mail->smtp_port = $this->config->get('config_mail_smtp_port');
                            $mail->smtp_timeout = $this->config->get('config_mail_smtp_timeout');
                
                            $mail->setTo($this->config->get('config_email'));
                            $mail->setFrom($this->config->get('config_email'));
                            $mail->setSender(html_entity_decode($this->request->post['name'], ENT_QUOTES, 'UTF-8'));
                            $mail->setSubject(html_entity_decode(sprintf($this->language->get('email_subject_callback'), $this->request->post['name']), ENT_QUOTES, 'UTF-8'));
                            $mail->setText($this->request->post['name'] . ' ' . $this->request->post['phone']);
                            $mail->send();
                        }
                    }

                    $this->response->addHeader('Content-Type: application/json');
                    $this->response->setOutput(json_encode($json));
                }
            ]]></add>
        </operation>
    </file>
	
</modification>
